<Ui xmlns="http://www.blizzard.com/wow/ui/"
 xmlns:xsi="http://www.w3.org/2001/XMLSchema-instance"
 xsi:schemaLocation="http://www.blizzard.com/wow/ui/ ..\FrameXML\UI.xsd">
 
   <Frame name="DwUtilities_Frame" toplevel="true" parent="UIParent" enableMouse="true" movable="true" frameStrata="LOW">
   <!--Main Frame Size-->
  <Size x="212" y="256" />
  
  
  <!--Window background, boarder, and Title bar Layout-->
  <Anchors>
    <Anchor point="CENTER" />
  </Anchors>
     <Backdrop bgFile="Interface\DialogFrame\UI-DialogBox-Background" 
                edgeFile="Interface\DialogFrame\UI-DialogBox-Border" tile="true">
                <BackgroundInsets>
                        <AbsInset left="11" right="12" top="12" bottom="11"/>
                </BackgroundInsets>
                <TileSize><AbsValue val="32"/></TileSize>
                <EdgeSize><AbsValue val="32"/></EdgeSize>
        </Backdrop>
		<Layers>
                <Layer level="ARTWORK">
                        <Texture file="Interface\DialogFrame\UI-DialogBox-Header">
                                <Size><AbsDimension x="256" y="64"/></Size>
                                <Anchors>
                                        <Anchor point="TOP">
                                        <Offset><AbsDimension x="0" y="12"/></Offset>
                                        </Anchor>
                                </Anchors>
                        </Texture>
                </Layer>
                <Layer level="OVERLAY">
                        <FontString inherits="GameFontNormal" text="DW Utilities">
                                <Anchors>
                                        <Anchor point="TOP" relativeTo="$parent"></Anchor>
                                </Anchors>
                        </FontString>
                </Layer>
        </Layers> 
		
		
	<Frames>
	<!--Ready Check Button-->
		<Button name="$parentButtonReadyCheck" inherits="OptionsButtonTemplate" text="Ready Check">
                        <Anchors>
                                <Anchor point="TOPLEFT">
                                <Offset><AbsDimension x="12" y="-30"/></Offset>
                                </Anchor>
                        </Anchors>
                        <Scripts>
                                <OnClick> DoReadyCheck(); </OnClick>
                        </Scripts>
        </Button>
		
	<!--Pull Timer Button-->
		<Button name="$parentButtonPullTimer" inherits="OptionsButtonTemplate" text="Pull!">
                        <Anchors>
                                <Anchor point="TOPLEFT">
                                <Offset><AbsDimension x="12" y="-60"/></Offset>
                                </Anchor>
                        </Anchors>
                        <Scripts>
                                <OnClick>PullTimer(); </OnClick>
                        </Scripts>
        </Button>
		
	<!--Convert To Raid / Party Button-->
		<Button name="DwUtilities_FrameButtonRaidPartySwitch" inherits="OptionsButtonTemplate" DisabledTexture="UIPanelButtonDisabledTexture">
                        <Anchors>
                                <Anchor point="TOPRIGHT">
                                <Offset><AbsDimension x="-12" y="-60"/></Offset>
                                </Anchor>
                        </Anchors>
                        <Scripts>
                                <OnClick>SwitchPartyRaid();</OnClick>
                        </Scripts>
        </Button>	
		
	<!--Loot Method Button-->
		<Button name="DwUtilities_FrameButtonLootMethSwitch" inherits="OptionsButtonTemplate" DisabledTexture="UIPanelButtonDisabledTexture">
                        <Anchors>
                                <Anchor point="TOPRIGHT">
                                <Offset><AbsDimension x="-12" y="-90"/></Offset>
                                </Anchor>
                        </Anchors>
                        <Scripts>
                                <OnClick>CycleLootMeth();</OnClick>
                        </Scripts>
        </Button>	
		
	<!--Loot Threshold-->
			<Button name="DwUtilities_FrameButtonLootThreshold" inherits="OptionsButtonTemplate" DisabledTexture="UIPanelButtonDisabledTexture">
                        <Anchors>
                                <Anchor point="TOPRIGHT">
                                <Offset><AbsDimension x="-12" y="-120"/></Offset>
                                </Anchor>
                        </Anchors>
                        <Scripts>
                                <OnClick>CycleLootThreshold(); </OnClick>
                        </Scripts>
        </Button>	
		
	<!--Loot Rulez-->
	<!-- NEEDS TO BE COMPLEATED-->
		<Button name="DwUtilities_FrameButtonLootRulez" inherits="OptionsButtonTemplate" text="Loot Rulez" DisabledTexture="UIPanelButtonDisabledTexture"><!--Edit Box, saved variable-->
                        <Anchors>
                                <Anchor point="TOPLEFT">
                                <Offset><AbsDimension x="12" y="-120"/></Offset>
                                </Anchor>
                        </Anchors>
                        <Scripts>
                                <OnClick><!--ToDo--> </OnClick>
                        </Scripts>
        </Button>	
		
	<!--Voice Info-->
	<!-- NEEDS TO BE COMPLEATED-->
		<Button name="DwUtilities_FrameButtonVoiceInfo" inherits="OptionsButtonTemplate" text="VoiceInfo" DisabledTexture="UIPanelButtonDisabledTexture"><!--Edit Box, saved variable-->
                        <Anchors>
                                <Anchor point="TOPLEFT">
                                <Offset><AbsDimension x="12" y="-150"/></Offset>
                                </Anchor>
                        </Anchors>
                        <Scripts>
                                <OnClick><!--ToDo--> </OnClick>
                        </Scripts>
        </Button>	
		
		<!--Options Button-->
		<!-- NEEDS TO BE COMPLEATED-->
		<Button name="DwUtilities_FrameButtonOptions" inherits="OptionsButtonTemplate" text="Options" DisabledTexture="UIPanelButtonDisabledTexture"><!--Open Options Panel-->
                        <Anchors>
                                <Anchor point="TOPRIGHT">
                                <Offset><AbsDimension x="-12" y="-30"/></Offset>
                                </Anchor>
                        </Anchors>
                        <Scripts>
                                <OnClick><!--ToDo--> </OnClick>
                        </Scripts>
        </Button>	
		
	<!--Reload UI Button-->
		<Button name="$parentButtonReload" inherits="OptionsButtonTemplate" text="Reload">
                        <Anchors>
                                <Anchor point="BOTTOMLEFT">
                                <Offset><AbsDimension x="12" y="16"/></Offset>
                                </Anchor>
                        </Anchors>
                        <Scripts>
                                <OnClick> ReloadUI(); </OnClick>
                        </Scripts>
        </Button>
		
	<!--Close Button-->
		<Button name="$parentButtonClose" inherits="OptionsButtonTemplate" text="Close">
                        <Anchors>
                                <Anchor point="BOTTOMRIGHT">
                                <Offset><AbsDimension x="-12" y="16"/></Offset>
                                </Anchor>
                        </Anchors>
                        <Scripts>
                                <OnClick> DwUtilities_Frame:Hide(); </OnClick>
                        </Scripts>
        </Button>
  
	</Frames>
	
  <Scripts>
    <OnLoad>
      tinsert(UISpecialFrames, self:GetName());
	   self:RegisterForDrag("LeftButton");
	</OnLoad>
		<OnDragStart>
       if(button == "LeftButton") then
        self:StartMoving();
       end
		</OnDragStart>
		<OnDragStop>
       self:StopMovingOrSizing();
		</OnDragStop>
    <OnShow>
      PlaySound("igCharacterInfoOpen");
    </OnShow>
    <OnHide>
      PlaySound("igCharacterInfoClose");
    </OnHide>
  </Scripts>
  
</Frame>
</Ui>